id,purchaseValue
0,27504866.901785217
1,35381570.43236184
2,25091463.36013027
3,58315.75728506285
4,1234567.890123456
5,9876543.210987654
6,5555555.555555555
7,1111111.111111111
8,9999999.999999999
9,4444444.444444444 